{"cameraMode":{"drawMode":0,"name":"Shaded","section":"Shading Mode"},"sceneLighting":false,"audioPlay":false,"sceneViewState":{"showFog":true,"showMaterialUpdate":false,"showSkybox":false,"showFlares":true,"showImageEffects":true,"showParticleSystems":true},"in2DMode":false,"pivot":{"x":-0.03283361345529556,"y":4.040678024291992,"z":-4.959254741668701},"rotation":{"x":0.3965917229652405,"y":-0.04512352868914604,"z":0.019523298367857934,"w":0.9166775941848755},"size":0.7578842043876648,"orthographic":false}