{"cameraMode":{"drawMode":0,"name":"Shaded","section":"Shading Mode"},"sceneLighting":true,"audioPlay":false,"sceneViewState":{"showFog":true,"showMaterialUpdate":false,"showSkybox":false,"showFlares":true,"showImageEffects":true,"showParticleSystems":true},"in2DMode":false,"pivot":{"x":-2.220118522644043,"y":5.515604019165039,"z":2.563150405883789},"rotation":{"x":0.32341626286506655,"y":-0.32739245891571047,"z":0.12037695944309235,"w":0.8796166777610779},"size":45.28866195678711,"orthographic":false}