{"cameraMode":{"drawMode":0,"name":"Shaded","section":"Shading Mode"},"sceneLighting":true,"audioPlay":false,"sceneViewState":{"showFog":true,"showMaterialUpdate":false,"showSkybox":false,"showFlares":true,"showImageEffects":true,"showParticleSystems":true},"in2DMode":false,"pivot":{"x":-2.3357505798339845,"y":3.1668224334716799,"z":6.271156311035156},"rotation":{"x":-0.3967081904411316,"y":-0.08572076261043549,"z":0.037237782031297687,"w":-0.9131746292114258},"size":23.62946128845215,"orthographic":false}