{"cameraMode":{"drawMode":0,"name":"Shaded","section":"Shading Mode"},"sceneLighting":false,"audioPlay":false,"sceneViewState":{"showFog":true,"showMaterialUpdate":false,"showSkybox":false,"showFlares":true,"showImageEffects":true,"showParticleSystems":true},"in2DMode":false,"pivot":{"x":1.0135695934295655,"y":0.20499293506145478,"z":-0.10419560968875885},"rotation":{"x":-0.15518279373645783,"y":0.3715328574180603,"z":-0.06313925981521607,"w":-0.913178563117981},"size":2.8578836917877199,"orthographic":false}