{"cameraMode":{"drawMode":0,"name":"Shaded","section":"Shading Mode"},"sceneLighting":false,"audioPlay":false,"sceneViewState":{"showFog":true,"showMaterialUpdate":false,"showSkybox":false,"showFlares":true,"showImageEffects":true,"showParticleSystems":true},"in2DMode":false,"pivot":{"x":-1.3464964628219605,"y":-0.361818790435791,"z":-3.120788097381592},"rotation":{"x":-0.11541784554719925,"y":0.2728342115879059,"z":-0.032991498708724979,"w":-0.9545427560806274},"size":6.510286331176758,"orthographic":false}