{"cameraMode":{"drawMode":0,"name":"Shaded","section":"Shading Mode"},"sceneLighting":true,"audioPlay":false,"sceneViewState":{"showFog":true,"showMaterialUpdate":false,"showSkybox":false,"showFlares":true,"showImageEffects":true,"showParticleSystems":true},"in2DMode":false,"pivot":{"x":17.032135009765626,"y":-16.04724884033203,"z":4.237267017364502},"rotation":{"x":0.27755478024482729,"y":0.6362366080284119,"z":-0.26363518834114077,"w":0.6698230504989624},"size":71.03755950927735,"orthographic":false}